{"cameraMode":{"drawMode":0,"name":"Shaded","section":"Shading Mode"},"sceneLighting":false,"audioPlay":false,"sceneViewState":{"m_AlwaysRefresh":false,"showFog":true,"showSkybox":false,"showFlares":true,"showImageEffects":true,"showParticleSystems":true,"showVisualEffectGraphs":true,"m_FxEnabled":true},"in2DMode":false,"pivot":{"x":-0.626732349395752,"y":0.3677249550819397,"z":0.6747138500213623},"rotation":{"x":-0.03674770146608353,"y":0.8888450264930725,"z":-0.07243213057518006,"w":-0.45095905661582949},"size":1.8391023874282838,"orthographic":false}