{"cameraMode":{"drawMode":0,"name":"Shaded","section":"Shading Mode"},"sceneLighting":false,"audioPlay":false,"sceneViewState":{"m_AlwaysRefresh":false,"showFog":true,"showSkybox":false,"showFlares":true,"showImageEffects":true,"showParticleSystems":true,"showVisualEffectGraphs":true,"m_FxEnabled":true},"in2DMode":false,"pivot":{"x":0.18809938430786134,"y":0.29727402329444888,"z":0.12569385766983033},"rotation":{"x":0.036955609917640689,"y":-0.9611752033233643,"z":0.16035468876361848,"w":0.22151441872119904},"size":1.8391023874282838,"orthographic":false}