{"cameraMode":{"drawMode":0,"name":"Shaded","section":"Shading Mode"},"sceneLighting":false,"audioPlay":false,"sceneViewState":{"m_AlwaysRefresh":false,"showFog":true,"showSkybox":false,"showFlares":true,"showImageEffects":true,"showParticleSystems":true,"showVisualEffectGraphs":true,"m_FxEnabled":true},"in2DMode":false,"pivot":{"x":0.5389175415039063,"y":0.03579509258270264,"z":0.6494574546813965},"rotation":{"x":0.12137646973133087,"y":0.5487649440765381,"z":-0.08091685175895691,"w":0.8231516480445862},"size":1.8418612480163575,"orthographic":false}