{"cameraMode":{"drawMode":0,"name":"Shaded","section":"Shading Mode"},"sceneLighting":false,"audioPlay":false,"sceneViewState":{"m_AlwaysRefresh":false,"showFog":true,"showSkybox":false,"showFlares":true,"showImageEffects":true,"showParticleSystems":true,"showVisualEffectGraphs":true,"m_FxEnabled":true},"in2DMode":false,"pivot":{"x":0.18249964714050294,"y":0.23324593901634217,"z":0.8075911402702332},"rotation":{"x":-0.03329923748970032,"y":-0.015893148258328439,"z":0.0005300623015500605,"w":-0.9993195533752441},"size":2.257873296737671,"orthographic":false}