{"cameraMode":{"drawMode":0,"name":"Shaded","section":"Shading Mode"},"sceneLighting":false,"audioPlay":false,"sceneViewState":{"m_AlwaysRefresh":false,"showFog":true,"showSkybox":false,"showFlares":true,"showImageEffects":true,"showParticleSystems":true,"showVisualEffectGraphs":true,"m_FxEnabled":true},"in2DMode":false,"pivot":{"x":0.8971450328826904,"y":-0.07907870411872864,"z":-1.4349210262298585},"rotation":{"x":-0.02092110738158226,"y":-0.9509891271591187,"z":0.06601855903863907,"w":-0.3013739287853241},"size":1.8157213926315308,"orthographic":false}