{"cameraMode":{"drawMode":0,"name":"Shaded","section":"Shading Mode"},"sceneLighting":false,"audioPlay":false,"sceneViewState":{"m_AlwaysRefresh":false,"showFog":true,"showSkybox":false,"showFlares":true,"showImageEffects":true,"showParticleSystems":true,"showVisualEffectGraphs":true,"m_FxEnabled":true},"in2DMode":false,"pivot":{"x":-0.05043745040893555,"y":0.1295551061630249,"z":0.9091206192970276},"rotation":{"x":0.05117041990160942,"y":-0.7913810610771179,"z":0.0668797418475151,"w":0.6054983139038086},"size":0.791614294052124,"orthographic":false}