{"cameraMode":{"drawMode":0,"name":"Shaded","section":"Shading Mode"},"sceneLighting":false,"audioPlay":false,"sceneViewState":{"m_AlwaysRefresh":false,"showFog":true,"showSkybox":false,"showFlares":true,"showImageEffects":true,"showParticleSystems":true,"showVisualEffectGraphs":true,"m_FxEnabled":true},"in2DMode":false,"pivot":{"x":0.18176975846290589,"y":0.28897225856781008,"z":0.8552554845809937},"rotation":{"x":0.04878001660108566,"y":-0.9090936779975891,"z":0.11128751188516617,"w":0.39848169684410097},"size":2.1961417198181154,"orthographic":false}