{"cameraMode":{"drawMode":0,"name":"Shaded","section":"Shading Mode"},"sceneLighting":true,"audioPlay":false,"sceneViewState":{"m_AlwaysRefresh":false,"showFog":true,"showSkybox":true,"showFlares":true,"showImageEffects":true,"showParticleSystems":true,"showVisualEffectGraphs":true,"m_FxEnabled":true},"in2DMode":false,"pivot":{"x":37.975215911865237,"y":9.148669242858887,"z":86.79139709472656},"rotation":{"x":0.036955609917640689,"y":-0.9611752033233643,"z":0.16035468876361848,"w":0.22151441872119904},"size":2.4640839099884035,"orthographic":false}