{"cameraMode":{"drawMode":0,"name":"Shaded","section":"Shading Mode"},"sceneLighting":true,"audioPlay":false,"sceneViewState":{"m_AlwaysRefresh":false,"showFog":true,"showSkybox":true,"showFlares":true,"showImageEffects":true,"showParticleSystems":true,"showVisualEffectGraphs":true,"m_FxEnabled":true},"in2DMode":false,"pivot":{"x":611.8657836914063,"y":574.3489379882813,"z":2.266357421875},"rotation":{"x":-0.019498733803629876,"y":0.004794982727617025,"z":-0.00009322970436187461,"w":-0.9998014569282532},"size":721.171142578125,"orthographic":true}