{"cameraMode":{"drawMode":0,"name":"Shaded","section":"Shading Mode"},"sceneLighting":false,"audioPlay":false,"sceneViewState":{"m_AlwaysRefresh":false,"showFog":true,"showSkybox":false,"showFlares":true,"showImageEffects":true,"showParticleSystems":true,"showVisualEffectGraphs":true,"m_FxEnabled":true},"in2DMode":false,"pivot":{"x":-1.0973955392837525,"y":0.5269970297813416,"z":-1.0496708154678345},"rotation":{"x":0.09234759211540222,"y":0.42489275336265566,"z":-0.04362213611602783,"w":0.8994690179824829},"size":0.06585774570703507,"orthographic":false}