{"cameraMode":{"drawMode":0,"name":"Shaded","section":"Shading Mode"},"sceneLighting":false,"audioPlay":false,"sceneViewState":{"m_AlwaysRefresh":false,"showFog":true,"showSkybox":false,"showFlares":true,"showImageEffects":true,"showParticleSystems":true,"showVisualEffectGraphs":true,"m_FxEnabled":true},"in2DMode":false,"pivot":{"x":0.2831699848175049,"y":5.191319942474365,"z":0.638751745223999},"rotation":{"x":0.014833900146186352,"y":-0.7176761031150818,"z":0.015297219157218933,"w":0.6960559487342835},"size":6.972087860107422,"orthographic":false}