{"cameraMode":{"drawMode":0,"name":"Shaded","section":"Shading Mode"},"sceneLighting":false,"audioPlay":false,"sceneViewState":{"m_AlwaysRefresh":false,"showFog":true,"showSkybox":false,"showFlares":true,"showImageEffects":true,"showParticleSystems":true,"showVisualEffectGraphs":true,"m_FxEnabled":true},"in2DMode":false,"pivot":{"x":0.18809938430786134,"y":0.29727402329444888,"z":0.12569385766983033},"rotation":{"x":0.0027983910404145719,"y":-0.996544599533081,"z":0.03769701346755028,"w":0.0739850327372551},"size":1.8391023874282838,"orthographic":false}