{"cameraMode":{"drawMode":0,"name":"Shaded","section":"Shading Mode"},"sceneLighting":false,"audioPlay":false,"sceneViewState":{"m_AlwaysRefresh":false,"showFog":true,"showSkybox":false,"showFlares":true,"showImageEffects":true,"showParticleSystems":true,"showVisualEffectGraphs":true,"m_FxEnabled":true},"in2DMode":false,"pivot":{"x":0.09435729682445526,"y":0.014774300158023835,"z":0.0008482038974761963},"rotation":{"x":0.011125816032290459,"y":-0.9219979643821716,"z":0.026570817455649377,"w":0.38613149523735049},"size":0.16154976189136506,"orthographic":false}