{"cameraMode":{"drawMode":0,"name":"Shaded","section":"Shading Mode"},"sceneLighting":false,"audioPlay":false,"sceneViewState":{"m_AlwaysRefresh":false,"showFog":true,"showSkybox":false,"showFlares":true,"showImageEffects":true,"showParticleSystems":true,"showVisualEffectGraphs":true,"m_FxEnabled":true},"in2DMode":false,"pivot":{"x":-0.15355297923088075,"y":-0.03630167990922928,"z":0.04228413105010986},"rotation":{"x":0.1183730736374855,"y":-0.30711546540260317,"z":0.038532860577106479,"w":0.9435006380081177},"size":0.33265236020088198,"orthographic":false}