{"cameraMode":{"drawMode":0,"name":"Shaded","section":"Shading Mode"},"sceneLighting":false,"audioPlay":false,"sceneViewState":{"m_AlwaysRefresh":false,"showFog":true,"showSkybox":false,"showFlares":true,"showImageEffects":true,"showParticleSystems":true,"showVisualEffectGraphs":true,"m_FxEnabled":true},"in2DMode":false,"pivot":{"x":0.18249964714050294,"y":0.23324593901634217,"z":0.8075911402702332},"rotation":{"x":0.0027983910404145719,"y":-0.996544599533081,"z":0.03769701346755028,"w":0.0739850327372551},"size":2.063415288925171,"orthographic":false}