{"cameraMode":{"drawMode":0,"name":"Shaded","section":"Shading Mode"},"sceneLighting":false,"audioPlay":false,"sceneViewState":{"m_AlwaysRefresh":false,"showFog":true,"showSkybox":false,"showFlares":true,"showImageEffects":true,"showParticleSystems":true,"showVisualEffectGraphs":true,"m_FxEnabled":true},"in2DMode":false,"pivot":{"x":0.1462719440460205,"y":0.27956560254096987,"z":0.4471208155155182},"rotation":{"x":0.04878001660108566,"y":-0.9090936779975891,"z":0.11128751188516617,"w":0.39848169684410097},"size":1.87859308719635,"orthographic":false}