{"cameraMode":{"drawMode":0,"name":"Shaded","section":"Shading Mode"},"sceneLighting":false,"audioPlay":false,"sceneViewState":{"m_AlwaysRefresh":false,"showFog":true,"showSkybox":false,"showFlares":true,"showImageEffects":true,"showParticleSystems":true,"showVisualEffectGraphs":true,"m_FxEnabled":true},"in2DMode":false,"pivot":{"x":-5.172732830047607,"y":5.074772834777832,"z":8.486261367797852},"rotation":{"x":0.036955609917640689,"y":-0.9611752033233643,"z":0.16035468876361848,"w":0.22151441872119904},"size":1.2320435047149659,"orthographic":false}