{"cameraMode":{"drawMode":0,"name":"Shaded","section":"Shading Mode"},"sceneLighting":false,"audioPlay":false,"sceneViewState":{"m_AlwaysRefresh":false,"showFog":true,"showSkybox":false,"showFlares":true,"showImageEffects":true,"showParticleSystems":true,"showVisualEffectGraphs":true,"m_FxEnabled":true},"in2DMode":false,"pivot":{"x":0.12837600708007813,"y":0.2605867385864258,"z":0.4894942045211792},"rotation":{"x":0.0027983910404145719,"y":-0.996544599533081,"z":0.03769701346755028,"w":0.0739850327372551},"size":2.166196584701538,"orthographic":false}