{"cameraMode":{"drawMode":0,"name":"Shaded","section":"Shading Mode"},"sceneLighting":false,"audioPlay":false,"sceneViewState":{"m_AlwaysRefresh":false,"showFog":true,"showSkybox":false,"showFlares":true,"showImageEffects":true,"showParticleSystems":true,"showVisualEffectGraphs":true,"m_FxEnabled":true},"in2DMode":false,"pivot":{"x":0.7585313320159912,"y":0.37638059258461,"z":0.6740758419036865},"rotation":{"x":-0.002562568988651037,"y":0.3043999969959259,"z":0.0008190703811123967,"w":0.9525418877601624},"size":0.8042726516723633,"orthographic":false}