{"cameraMode":{"drawMode":0,"name":"Shaded","section":"Shading Mode"},"sceneLighting":false,"audioPlay":false,"sceneViewState":{"m_AlwaysRefresh":false,"showFog":true,"showSkybox":false,"showFlares":true,"showImageEffects":true,"showParticleSystems":true,"showVisualEffectGraphs":true,"m_FxEnabled":true},"in2DMode":false,"pivot":{"x":0.21036139130592347,"y":0.20745933055877686,"z":0.5103017091751099},"rotation":{"x":0.6124650835990906,"y":0.018966851755976678,"z":-0.014701983891427517,"w":0.790133535861969},"size":1.8157216310501099,"orthographic":false}