{"cameraMode":{"drawMode":0,"name":"Shaded","section":"Shading Mode"},"sceneLighting":false,"audioPlay":false,"sceneViewState":{"m_AlwaysRefresh":false,"showFog":true,"showSkybox":false,"showFlares":true,"showImageEffects":true,"showParticleSystems":true,"showVisualEffectGraphs":true,"m_FxEnabled":true},"in2DMode":false,"pivot":{"x":-1.1205716133117676,"y":-0.18099913001060487,"z":3.0681886672973635},"rotation":{"x":0.04928944259881973,"y":-0.14122547209262849,"z":0.00704056303948164,"w":0.9887317419052124},"size":2.1372640132904054,"orthographic":false}