{"cameraMode":{"drawMode":0,"name":"Shaded","section":"Shading Mode"},"sceneLighting":false,"audioPlay":false,"sceneViewState":{"m_AlwaysRefresh":false,"showFog":true,"showSkybox":false,"showFlares":true,"showImageEffects":true,"showParticleSystems":true,"showVisualEffectGraphs":true,"m_FxEnabled":true},"in2DMode":false,"pivot":{"x":0.4002683162689209,"y":-0.969363808631897,"z":7.452467918395996},"rotation":{"x":0.07822230458259583,"y":0.013766257092356682,"z":-0.0010799055453389884,"w":0.9968423247337341},"size":4.245208263397217,"orthographic":false}