{"cameraMode":{"drawMode":0,"name":"Shaded","section":"Shading Mode"},"sceneLighting":false,"audioPlay":false,"sceneViewState":{"m_AlwaysRefresh":false,"showFog":true,"showSkybox":false,"showFlares":true,"showImageEffects":true,"showParticleSystems":true,"showVisualEffectGraphs":true,"m_FxEnabled":true},"in2DMode":false,"pivot":{"x":-0.11360961198806763,"y":2.2456772327423097,"z":0.26458120346069338},"rotation":{"x":0.051207952201366428,"y":0.055707696825265887,"z":-0.002859703730791807,"w":0.997133731842041},"size":2.9308786392211916,"orthographic":false}