{"cameraMode":{"drawMode":0,"name":"Shaded","section":"Shading Mode"},"sceneLighting":false,"audioPlay":false,"sceneViewState":{"m_AlwaysRefresh":false,"showFog":true,"showSkybox":false,"showFlares":true,"showImageEffects":true,"showParticleSystems":true,"showVisualEffectGraphs":true,"m_FxEnabled":true},"in2DMode":false,"pivot":{"x":-12.520000457763672,"y":5.530000686645508,"z":34.45000076293945},"rotation":{"x":0.036955609917640689,"y":-0.9611752033233643,"z":0.16035468876361848,"w":0.22151441872119904},"size":12.12435531616211,"orthographic":false}